likeliness,security,frequency,color
1,1,3,0.82878302
1,2,1,0.180589222
1,3,3,0.252146844
2,1,5,0.117476895
2,2,5,0.030097151
2,3,2,0.335535253
2,4,1,0.1429289
3,2,1,0.792789078
3,3,4,0.152260243
4,1,2,0.184084351
4,2,4,0.894215974
4,3,2,0.789513781
4,4,9,0.381855281
5,2,2,0.460296058
5,3,2,0.258338542
5,4,5,0.06726265
5,5,3,0.368680417